Time;Flow;PressureIN;DNIraw;DNIreal;TIN;TOUT;DeltaT;JP_Fx
7:47;1847.07;13.81;0;2.36;215.46;214.65;-0.81;783.62
7:48;1844.76;13.84;-0.63;2.37;215.42;214.32;-1.1;779.56
7:49;1843.97;13.78;-0.88;2.38;215.38;215.29;-0.1;776.18
7:50;1843.19;13.77;-0.89;4.41;215.35;215.11;-0.24;418.33
7:51;1844.05;13.79;-1.85;7.58;215.31;214.93;-0.39;243.33
7:52;1844.9;13.68;0.78;10.75;215.28;214.75;-0.53;171.61
7:53;1845.76;13.79;-0.97;13.39;215.24;214.57;-0.68;137.89
7:54;1846.62;13.82;0.91;15.69;215.21;214.39;-0.82;117.67
7:55;1841.25;13.8;14.57;18;215.17;214.33;-0.84;102.28
7:56;1835.89;13.83;74.8;20.31;215.14;214.76;-0.38;90.4
7:57;1876.63;13.89;146.01;22.62;215.1;215.18;0.08;82.98
7:58;1917.37;13.85;179.93;24.92;215.06;214.99;-0.07;76.93
7:59;1919.13;13.92;185.53;27.23;215.03;214.76;-0.27;70.47
8:00;1920.88;13.86;188.18;29.54;214.99;214.52;-0.47;65.03
8:01;1924.16;13.81;204.18;31.85;214.96;214.28;-0.68;60.42
8:02;1927.43;13.85;228.91;34.63;214.92;214.04;-0.88;55.66
8:03;1928.17;13.81;240.77;37.95;214.89;213.8;-1.08;50.81
8:04;1928.92;13.77;237.42;41.27;214.85;213.76;-1.09;46.74
8:05;1927.95;13.79;235.71;44.59;214.81;213.77;-1.04;43.24
8:06;1926.98;13.71;237;47.91;214.78;213.78;-1;40.22
8:07;1928.81;13.7;245.48;51.23;214.74;213.79;-0.95;37.65
8:08;1930.65;13.74;246.65;54.55;214.71;213.81;-0.9;35.39
8:09;1931.38;13.7;250.7;57.87;214.67;213.8;-0.87;33.38
8:10;1932.11;13.71;278.93;62.47;214.64;213.79;-0.84;30.93
8:11;1926.46;13.76;321.11;72.84;214.6;213.78;-0.82;26.45
8:12;1920.81;13.82;327.41;82.1;214.57;213.78;-0.79;23.4
8:13;1924.93;13.78;336.87;89.72;214.53;213.77;-0.76;21.45
8:14;1929.04;13.87;342.46;97.34;214.49;213.76;-0.74;19.82
8:15;1928.15;13.93;346.82;105.43;214.46;213.75;-0.71;18.29
8:16;1927.25;13.98;357.3;117.08;214.45;213.81;-0.65;16.46
8:17;1929;14.01;350.2;126.01;214.59;213.94;-0.65;15.31
8:18;1930.75;14.02;347.92;128.91;214.73;214.07;-0.66;14.98
8:19;1931.26;13.96;371.57;139.89;214.86;214.2;-0.67;13.81
8:20;1931.77;13.88;376.54;147.9;215;214.33;-0.67;13.06
8:21;1930.49;13.92;374.64;152.31;215.14;214.46;-0.68;12.67
8:22;1929.2;13.91;378.41;157.21;215.27;214.59;-0.69;12.27
8:23;1926.7;13.81;392.18;162.96;215.41;214.71;-0.7;11.82
8:24;1924.2;13.77;402.98;170.53;215.55;214.84;-0.7;11.28
8:25;1925.48;13.7;406.38;176.84;215.68;214.97;-0.71;10.89
8:26;1926.76;13.77;404.36;182.28;215.82;215.1;-0.72;10.57
8:27;1925.01;13.8;411.94;187.07;215.96;215.46;-0.5;10.29
8:28;1923.26;13.8;409.73;191.8;216.43;215.89;-0.53;10.03
8:29;1922.31;13.82;402.35;189.77;216.9;216.32;-0.58;10.13
8:30;1921.36;13.88;423.66;201.39;217.38;216.76;-0.62;9.54
8:31;1920.4;13.98;453.44;220.06;217.86;217.21;-0.65;8.73
8:32;1919.45;14.05;457.34;230.48;218.34;217.76;-0.58;8.33
8:33;1920.52;14.13;442.65;233.19;218.81;218.3;-0.51;8.24
8:34;1921.59;14.15;431.92;223.57;219.29;218.84;-0.45;8.6
8:35;1916.97;14.17;436.91;233.31;219.85;219.39;-0.46;8.22
8:36;1912.36;14.22;438.89;235.73;220.62;220.1;-0.52;8.11
8:37;1914.93;14.25;433.6;238.15;221.39;220.83;-0.56;8.04
8:38;1917.5;14.18;426.05;234.43;222.16;221.57;-0.59;8.18
8:39;1915.83;14.26;474;265.17;222.93;222.31;-0.62;7.22
8:40;1914.16;14.16;482.78;276.2;223.7;223.04;-0.65;6.93
8:41;1911.16;14.05;479.6;281.77;224.47;223.78;-0.69;6.78
8:42;1908.15;13.91;480.39;287.14;225.24;224.82;-0.42;6.65
8:43;1908.03;13.95;485.71;293.82;226;225.86;-0.14;6.49
8:44;1907.91;13.94;490.38;301.72;226.88;226.9;0.02;6.32
8:45;1907.79;13.94;497.19;310.34;227.97;227.95;-0.03;6.15
8:46;1907.67;13.93;508.21;320.64;229.06;228.99;-0.08;5.95
8:47;1906.89;13.88;513.32;331.3;230.16;230.03;-0.13;5.76
8:48;1906.12;14.05;517.3;339.02;231.25;231.07;-0.18;5.62
8:49;1903.85;14.06;522.52;347.47;232.34;232.11;-0.22;5.48
8:50;1901.59;14.21;527.1;356.61;233.43;233.27;-0.16;5.33
8:51;1901.39;14.22;531.34;365.76;234.52;234.58;0.06;5.2
8:52;1901.2;14.28;541.6;374.9;235.61;235.9;0.28;5.07
8:53;1889.87;14.4;547.42;384.05;236.71;237.21;0.51;4.92
8:54;1878.55;14.45;553.98;394.29;237.23;238.53;1.3;4.76
8:55;1874.92;14.48;556;404.64;237.96;239.85;1.89;4.63
8:56;1871.29;14.53;565.71;414.19;239.36;241.16;1.8;4.52
8:57;1871.51;14.49;566.36;421.67;240.77;242.48;1.7;4.44
8:58;1871.73;14.49;569.55;428.71;242.18;243.79;1.61;4.37
8:59;1904.86;14.49;575.07;436.75;243.59;245.11;1.52;4.36
9:00;1938;14.5;579.08;445.88;245;246.72;1.72;4.35
9:01;1938.46;14.34;588.21;455.37;246.41;248.38;1.97;4.26
9:02;1938.91;14.29;588.55;466.04;247.82;250.04;2.23;4.16
9:03;1937.33;14.26;587.26;469.3;249.49;251.71;2.22;4.13
9:04;1935.76;14.27;586.3;476.8;251.24;253.37;2.12;4.06
9:05;1934.18;14.29;597.48;489.32;253;255.03;2.03;3.95
9:06;1932.61;14.31;595.97;489.22;254.75;256.69;1.94;3.95
9:07;1927.54;14.26;602.32;500.67;256.51;258.45;1.94;3.85
9:08;1922.48;14.41;617.1;515.04;258.26;260.43;2.17;3.73
9:09;1925.12;14.43;616.01;525.59;260.02;262.41;2.4;3.66
9:10;1927.77;14.52;615.2;533.25;261.87;264.4;2.52;3.62
9:11;2013.43;14.59;620.29;547.05;264.03;266.38;2.34;3.68
9:12;2099.09;14.58;632.93;558.65;266.2;268.36;2.16;3.76
9:13;2099.42;14.63;633.21;568.08;268.36;270.54;2.18;3.7
9:14;2099.75;14.62;624.27;567.8;270.53;272.8;2.28;3.7
9:15;1488.9;14.73;635.32;579.56;272.69;275.06;2.37;2.57
9:16;878.05;14.68;644.96;600.23;274.85;277.33;2.47;1.46
9:17;1328.72;14.1;650.81;608.61;272.96;279.23;6.27;2.18
9:18;1779.38;14.38;649.48;612.5;274.13;281.38;7.25;2.91
9:19;1947.9;14.54;650.27;619.21;275.38;283.56;8.18;3.15
9:20;2116.42;14.52;660.46;632.96;276.32;285.74;9.42;3.34
9:21;2158.25;14.74;659.93;641.84;277.01;287.92;10.91;3.36
9:22;2200.09;14.81;663.97;652.84;277.7;290.28;12.58;3.37
9:23;2201.86;14;669.08;656.68;278.4;292.92;14.52;3.35
9:24;2203.62;13.89;661.35;653.06;279.29;295.55;16.27;3.37
9:25;2252.28;13.9;669.98;657.25;280.22;298.19;17.97;3.43
9:26;2300.93;13.91;676.76;661.63;280.55;300.82;20.28;3.48
9:27;2457.26;14.38;677.75;666;280.77;303.46;22.69;3.69
9:28;2613.6;15.36;681.03;667.55;281.02;306.09;25.07;3.92
9:29;2622.92;15.58;684.81;669.62;282.39;308.73;26.34;3.92
9:30;2632.24;15.8;683;672.22;283.75;311.36;27.61;3.92
9:31;2657.55;16.19;688.41;674.86;285.11;313.71;28.6;3.94
9:32;2682.86;16.35;688.41;677.66;286.51;315.9;29.39;3.96
9:33;2532.52;16.74;695;680.46;287.94;318.09;30.15;3.72
9:34;2382.18;16.91;694.95;683.21;289.09;320.29;31.19;3.49
9:35;2389.86;16.93;701.14;685.18;289.77;322.48;32.71;3.49
9:36;2397.54;16.99;700.29;687.15;290.44;324.67;34.22;3.49
9:37;2635.94;17.03;704.06;689.12;291.12;327.03;35.91;3.83
9:38;2874.35;17.44;702.71;692.39;291.95;329.41;37.45;4.15
9:39;2864.63;17.56;706.26;694.88;293.03;331.78;38.76;4.12
9:40;2854.92;17.6;710.5;695.57;294.1;334.16;40.06;4.1
9:41;3131.8;17.75;713.29;697.53;295.17;336.69;41.52;4.49
9:42;3408.69;18.76;712.11;699.49;295.77;339.42;43.66;4.87
9:43;3351.73;18.99;713.99;701.45;295.97;342.15;46.18;4.78
9:44;3294.78;19.36;720.66;703.41;296.26;344.88;48.62;4.68
9:45;3417.41;19.29;720.32;705.37;296.89;347.61;50.71;4.84
9:46;3540.04;19.76;723.21;707.33;296.63;350.48;53.85;5
9:47;3805.37;20.51;726.52;708.74;295.91;353.47;57.56;5.37
9:48;4070.7;21.13;726.49;710.06;295.18;356.46;61.28;5.73
9:49;4202.27;21.88;728.46;711.38;294.95;359.45;64.5;5.91
9:50;4333.83;22.19;725.43;712.69;295.05;362.44;67.39;6.08
9:51;4506.03;23.27;731.45;714.01;294.68;365.43;70.75;6.31
9:52;4678.22;23.35;733.41;715.33;294.47;368.42;73.95;6.54
9:53;4621.58;23.22;734.15;716.65;294.69;370.42;75.73;6.45
9:54;4564.94;23.03;731.61;710.14;294.91;372.29;77.37;6.43
9:55;4676.27;23.17;735.01;715.74;295.13;374.12;78.99;6.53
9:56;4787.6;23.64;739.92;721.35;295.73;374.98;79.25;6.64
9:57;4889.29;23.95;743.91;724.75;296.5;375.84;79.34;6.75
9:58;4990.98;24.81;744.78;726.4;296.12;376.66;80.53;6.87
9:59;4999.61;25.28;746.51;726.85;295.48;377.11;81.63;6.88
10:00;5008.24;25.1;747.45;727.44;294.72;377.56;82.84;6.88
10:01;5001.89;25;754.61;732.47;294.52;378.02;83.5;6.83
10:02;4995.55;25;756.47;733.42;293.61;378.47;84.86;6.81
10:03;5184.11;25.61;754.37;734.37;293.77;378.92;85.16;7.06
10:04;5372.66;26.48;757.12;735.32;293.92;379.38;85.46;7.31
10:05;5428.26;26.83;757.54;736.46;293.6;379.83;86.23;7.37
10:06;5483.87;27.06;761.35;738.1;291.04;380.29;89.25;7.43
10:07;5479.52;27.11;761.76;739.74;289.99;380.74;90.75;7.41
10:08;5475.17;27.08;761.69;741.37;289.51;381.19;91.69;7.39
10:09;5476.27;27.06;765.18;743.01;289.29;381.7;92.41;7.37
10:10;5477.37;27.03;765.06;744.07;289.39;382.22;92.83;7.36
10:11;5472.92;27.03;770.31;744.58;289.5;382.75;93.25;7.35
10:12;5468.46;27.04;769.84;745.09;289.61;383.28;93.67;7.34
10:13;5499.32;27.04;774;746.71;289.71;383.74;94.03;7.36
10:14;5530.18;27.25;774.83;748.47;289.82;383.74;93.92;7.39
10:15;5555.65;27.36;773.97;750.15;289.92;383.74;93.82;7.41
10:16;5581.11;27.46;775.65;752.61;290.03;383.74;93.71;7.42
10:17;5586.63;27.49;776.08;753.73;290.47;383.74;93.28;7.41
10:18;5592.15;27.52;779.47;753.66;291.07;383.74;92.68;7.42
10:19;5592.61;27.53;782.55;754.67;291.67;383.75;92.08;7.41
10:20;5593.06;27.45;780.91;755.67;292.27;383.75;91.48;7.4
10:21;5595.03;27.46;784.29;756.68;292.62;383.75;91.13;7.39
10:22;5597;27.46;783.82;757.69;292.92;383.75;90.83;7.39
10:23;5585.82;27.47;784.33;758.69;293.21;383.75;90.54;7.36
10:24;5574.65;27.39;791.38;759.52;293.5;383.75;90.25;7.34
10:25;5549.86;27.31;789.1;760.01;293.79;383.75;89.96;7.3
10:26;5525.07;27.21;768.16;734.69;294.09;383.75;89.66;7.52
10:27;5538.14;27.19;767.69;747.46;294.38;383.73;89.35;7.41
10:28;5551.21;27.23;774.12;749.15;294.47;383.71;89.23;7.41
10:29;5543.65;27.26;777.87;751.17;294.56;383.69;89.12;7.38
10:30;5536.09;27.25;771.28;745.54;294.65;383.66;89.01;7.43
10:31;5542.53;27.25;777.5;739.73;294.74;383.64;88.91;7.49
10:32;5548.98;27.24;773.73;744.26;294.82;383.62;88.8;7.46
10:33;5542.22;27.24;775.41;746.77;294.91;383.6;88.69;7.42
10:34;5535.47;27.24;780.9;748.59;295;383.57;88.58;7.39
10:35;5528.72;27.23;783.68;750.32;295.03;383.55;88.53;7.37
10:36;5521.96;27.23;791.8;757.5;295.06;383.53;88.47;7.29
10:37;5532.05;27.26;794.13;762.16;295.09;383.51;88.42;7.26
10:38;5542.13;27.32;802.07;770.83;295.12;383.49;88.37;7.19
10:39;5593.81;27.57;801.06;772.48;295.15;383.46;88.31;7.24
10:40;5645.48;27.67;807.16;773.5;295.18;383.8;88.61;7.3
10:41;5651.76;27.77;803.28;774.89;295.21;384.14;88.93;7.29
10:42;5658.04;27.77;804.15;776.42;295.24;384.49;89.24;7.29
10:43;5658.29;27.78;806.65;778.02;295.27;384.83;89.56;7.27
10:44;5658.53;27.75;809.89;778.37;295.31;385.18;89.87;7.27
10:45;5640.23;27.68;805.5;775.4;295.26;385.52;90.27;7.27
10:46;5621.94;27.61;801.47;771.53;295.08;385.87;90.79;7.29
10:47;5586.77;27.5;812.1;770.33;294.91;386.21;91.3;7.25
10:48;5551.6;27.39;812.79;777.5;294.73;386.56;91.82;7.14
10:49;5592.2;27.37;806.74;776.49;294.56;386.9;92.34;7.2
10:50;5632.8;27.94;805.45;769.86;294.39;387.25;92.86;7.32
10:51;5670.64;28.27;805.19;775.78;294.21;387.59;93.38;7.31
10:52;5708.47;28.43;803.29;768.79;294.04;387.81;93.77;7.43
10:53;5692.78;28.41;790.86;754.13;293.86;387.98;94.12;7.55
10:54;5677.08;28.4;791.51;762.94;293.69;388.15;94.46;7.44
10:55;5663.24;28.38;809.52;765.34;293.52;388.12;94.61;7.4
10:56;5649.39;28.39;817.82;777.41;293.43;388.06;94.63;7.27
10:57;5640.98;28.38;830.72;788.97;293.38;387.99;94.62;7.15
10:58;5632.57;28.39;829.2;788.94;293.32;387.93;94.6;7.14
10:59;5622.77;28.36;830.3;788.9;293.27;387.86;94.59;7.13
11:00;5612.97;28.36;832.55;788.87;293.22;387.8;94.58;7.12
11:01;5616.17;28.27;832;788.83;293.17;387.73;94.56;7.12
11:02;5619.38;28.32;837;788.49;293.12;387.7;94.58;7.13
11:03;5622.58;28.26;830.96;784.92;293.06;387.79;94.72;7.16
11:04;5625.78;28.3;829;781.35;293.01;387.87;94.86;7.2
11:05;5624.55;28.34;828.58;787.24;292.96;387.96;95;7.14
11:06;5623.32;28.29;831.55;784.27;292.98;388.05;95.07;7.17
11:07;5655.06;28.39;827.02;785.46;293.05;388.14;95.1;7.2
11:08;5686.8;28.43;827.55;784.4;293.11;388.23;95.12;7.25
11:09;5681.15;28.43;822.2;783.72;293.17;388.1;94.93;7.25
11:10;5675.51;28.4;823.36;780.56;293.24;387.93;94.7;7.27
11:11;5655.9;28.28;829.63;781.77;293.3;387.77;94.46;7.23
11:12;5636.29;28.25;822.56;778.17;293.37;387.6;94.23;7.24
11:13;5633.57;28.25;824.92;780.37;293.43;387.43;94;7.22
11:14;5630.84;28.23;825;776.44;293.5;387.18;93.69;7.25
11:15;5630.24;28.19;825.05;782.41;293.56;386.77;93.21;7.2
11:16;5629.65;28.22;829.8;785.77;293.62;386.35;92.73;7.16
11:17;5637.99;28.25;829.09;787.05;293.69;385.94;92.25;7.16
11:18;5646.33;28.25;826.64;783.16;293.75;385.82;92.07;7.21
11:19;5675.77;28.33;825.53;781.16;293.82;385.81;92;7.27
11:20;5705.21;28.46;826.68;774.56;293.88;385.81;91.92;7.37
11:21;5713.3;28.5;828.94;770.04;293.94;385.8;91.85;7.42
11:22;5721.39;28.52;821.7;765.39;294.01;385.79;91.78;7.48
11:23;5723.1;28.55;832.19;779.14;294.07;385.79;91.71;7.35
11:24;5724.81;28.55;840.16;784.9;294.12;385.78;91.66;7.29
11:25;5711.21;28.56;841.51;784.03;294.16;385.78;91.62;7.28
11:26;5697.62;28.5;844.15;789.61;294.19;385.77;91.58;7.22
11:27;5694.75;28.49;850.45;793.12;294.22;385.76;91.54;7.18
11:28;5691.88;28.48;852.1;793.85;294.26;385.76;91.5;7.17
11:29;5692.84;28.48;852.23;797.01;294.29;385.75;91.46;7.14
11:30;5693.79;28.47;841.18;789.54;294.32;385.75;91.42;7.21
11:31;5705.35;28.5;832.99;779.32;294.36;385.74;91.38;7.32
11:32;5716.91;28.53;839.97;782.39;294.39;385.73;91.34;7.31
11:33;5704.93;28.54;849;787.8;294.43;385.73;91.3;7.24
11:34;5692.95;28.54;849.42;794.89;294.46;385.72;91.26;7.16
11:35;5695.06;28.54;856.89;795.73;294.49;385.72;91.22;7.16
11:36;5697.18;28.53;836.24;781.22;294.53;385.72;91.19;7.29
11:37;5704.35;28.54;835.77;781.89;293.81;385.81;92;7.3
11:38;5711.51;28.52;848.55;786.15;293.02;385.89;92.88;7.27
11:39;5712.17;28.49;842.32;789.62;293.14;385.98;92.84;7.23
11:40;5712.82;28.44;851.73;796.35;293.27;386.07;92.8;7.17
11:41;5704.43;28.43;854.79;789.78;293.4;386.16;92.76;7.22
11:42;5696.04;28.42;844.54;781.37;293.53;386.24;92.72;7.29
11:43;5690.66;28.37;853.33;783.11;293.65;386.33;92.68;7.27
11:44;5685.28;28.4;850.65;785.75;293.78;386.42;92.64;7.24
11:45;5680.87;28.39;854;789.33;293.91;386.51;92.6;7.2
11:46;5676.45;28.35;857.62;798.02;294.03;386.59;92.56;7.11
11:47;5678.48;28.35;862.47;799.54;294.16;386.68;92.52;7.1
11:48;5680.52;28.38;865.75;799.8;294.29;386.77;92.48;7.1
11:49;5678.24;28.33;869.07;799.76;294.33;386.86;92.52;7.1
11:50;5675.96;28.38;869;799.72;294.32;386.94;92.62;7.1
11:51;5676.3;28.4;868.72;799.68;294.31;387.03;92.72;7.1
11:52;5676.63;28.38;868.2;799.64;294.29;387.12;92.83;7.1
11:53;5675.26;28.4;868.2;799.6;294.28;387.2;92.93;7.1
11:54;5673.88;28.39;868;799.56;294.26;387.29;93.03;7.1
11:55;5665.02;28.36;869.82;799.53;294.25;387.38;93.13;7.09
11:56;5656.15;28.34;869.8;799.49;294.24;387.47;93.23;7.07
11:57;5656.56;28.33;869.38;799.46;294.22;387.55;93.33;7.08
11:58;5656.97;28.34;868.87;799.44;294.21;387.64;93.43;7.08
11:59;5644.7;28.37;870.21;799.42;294.19;387.73;93.53;7.06
12:00;5632.43;28.27;871.87;799.4;294.18;387.82;93.64;7.05
12:01;5639.56;28.27;873.24;799.37;294.17;387.85;93.68;7.05
12:02;5646.7;28.31;869.65;799.35;294.15;387.82;93.67;7.06
12:03;5630;28.31;868.47;794.35;294.14;387.79;93.65;7.09
12:04;5613.31;28.23;870.97;794.44;294.13;387.77;93.64;7.07
12:05;5635.67;28.3;872.97;794.65;294.11;387.74;93.63;7.09
12:06;5658.02;28.29;867.76;793.9;294.1;387.71;93.62;7.13
12:07;5656.27;28.29;865.49;790.32;294.08;387.69;93.6;7.16
12:08;5654.52;28.35;868.12;791.61;294.07;387.66;93.59;7.14
12:09;5655.77;28.37;869.41;792.42;294.06;387.63;93.58;7.14
12:10;5657.02;28.33;874;795.86;294.04;387.61;93.56;7.11
12:11;5633.28;28.25;874;797.18;294.03;387.58;93.55;7.07
12:12;5609.53;28.17;875.58;798.09;294.01;387.55;93.54;7.03
12:13;5630.29;28.29;877.48;799;294;387.52;93.52;7.05
12:14;5651.06;28.29;877.94;799.43;293.99;387.5;93.51;7.07
12:15;5645.86;28.24;878.56;798.4;293.97;387.47;93.5;7.07
12:16;5640.66;28.27;876.12;797.36;293.96;387.44;93.48;7.07
12:17;5644.44;28.32;876.19;796.41;293.94;387.42;93.47;7.09
12:18;5648.21;28.29;878.88;796.37;293.93;387.39;93.46;7.09
12:19;5642.16;28.27;877.82;796.33;293.92;387.36;93.45;7.09
12:20;5636.1;28.26;879.19;796.29;293.9;387.34;93.43;7.08
12:21;5654.15;28.27;875.34;796.24;293.89;387.31;93.42;7.1
12:22;5672.21;28.37;880.69;796.28;293.88;387.28;93.41;7.12
12:23;5672.99;28.31;876.9;796.4;293.86;387.25;93.39;7.12
12:24;5673.77;28.35;878.31;793.31;293.85;387.23;93.38;7.15
12:25;5658.58;28.32;883.23;793.61;293.83;387.2;93.37;7.13
12:26;5643.39;28.32;884.6;793.98;293.82;387.17;93.35;7.11
12:27;5663.52;28.35;882.44;794.36;293.81;387.15;93.34;7.13
12:28;5683.65;28.39;878.48;792.56;293.79;387.09;93.29;7.17
12:29;5677.72;28.39;879;795.01;293.78;386.99;93.21;7.14
12:30;5671.79;28.37;879.28;795.05;293.76;386.89;93.13;7.13
12:31;5673.88;28.33;876.32;794.67;293.77;386.8;93.03;7.14
12:32;5675.96;28.4;879;793.37;293.78;386.7;92.92;7.15
12:33;5674.64;28.39;879;793.23;293.79;386.61;92.81;7.15
12:34;5673.33;28.35;883.37;796.47;293.81;386.51;92.7;7.12
12:35;5680.28;28.39;879.4;794.07;293.82;386.41;92.59;7.15
12:36;5687.24;28.39;872.84;785.2;293.83;386.32;92.48;7.24
12:37;5698.5;28.39;872.24;790.73;293.85;386.22;92.37;7.21
12:38;5709.75;28.46;877.46;794.88;293.86;386.13;92.27;7.18
12:39;5700.37;28.43;879.98;794.73;293.87;386.03;92.16;7.17
12:40;5690.99;28.43;880.34;794.59;293.89;385.93;92.05;7.16
12:41;5699.06;28.42;888.05;794.45;293.9;385.84;91.94;7.17
12:42;5707.13;28.49;886.19;794.44;293.91;385.74;91.83;7.18
12:43;5703.76;28.51;886;794.57;293.93;385.65;91.72;7.18
12:44;5700.38;28.49;886.31;794.7;293.94;385.62;91.68;7.17
12:45;5702.28;28.47;886.26;794.83;293.95;385.61;91.65;7.17
12:46;5704.17;28.48;884.78;794.48;293.97;385.59;91.62;7.18
12:47;5711.09;28.49;885.34;794.1;293.98;385.58;91.59;7.19
12:48;5718.01;28.53;881.32;793.64;294;385.56;91.57;7.2
12:49;5729.1;28.59;883.93;792.45;294.01;385.55;91.54;7.23
12:50;5740.2;28.6;880.3;792.09;294.02;385.53;91.51;7.25
12:51;5741.11;28.59;883.46;791.73;294.04;385.52;91.48;7.25
12:52;5742.02;28.57;887.09;791.47;294.05;385.5;91.45;7.25
12:53;5731.75;28.56;888.93;792.47;294.06;385.49;91.42;7.23
12:54;5721.47;28.54;890;792.48;294.08;385.47;91.4;7.22
12:55;5721.27;28.53;890.17;792.14;294.09;385.46;91.37;7.22
12:56;5721.07;28.54;893.41;791.79;294.1;385.44;91.34;7.23
12:57;5716.36;28.56;889.17;791.37;294.12;385.43;91.31;7.22
12:58;5711.65;28.52;891.21;790.85;294.13;385.41;91.28;7.22
12:59;5716.65;28.54;891.99;790.34;294.14;385.4;91.26;7.23
13:00;5721.64;28.56;891.6;789.82;294.16;385.38;91.23;7.24
13:01;5724.46;28.55;891.17;789.3;294.17;385.37;91.2;7.25
13:02;5727.28;28.58;891.57;789.02;294.18;385.35;91.17;7.26
13:03;5731.7;28.61;889.62;788.99;294.2;385.34;91.14;7.26
13:04;5736.12;28.63;886.02;788.96;294.21;385.33;91.11;7.27
13:05;5736.37;28.63;889.71;789.08;294.22;385.31;91.09;7.27
13:06;5736.63;28.64;891.47;789.47;294.24;385.3;91.06;7.27
13:07;5751.84;28.66;893.99;789.87;294.25;385.28;91.03;7.28
13:08;5767.06;28.68;892.17;789.93;294.26;385.27;91;7.3
13:09;5748.92;28.65;892.88;789.88;294.28;385.25;90.97;7.28
13:10;5730.78;28.62;888;789.84;294.29;385.24;90.95;7.26
13:11;5717.08;28.56;892;789.79;294.3;385.22;90.92;7.24
13:12;5703.39;28.55;891.05;789.74;294.32;385.21;90.89;7.22
13:13;5712.65;28.57;889.8;789.69;294.33;385.19;90.86;7.23
13:14;5721.91;28.59;892.59;789.64;294.35;385.18;90.83;7.25
13:15;5731.17;28.61;893.67;789.59;294.36;385.16;90.8;7.26
13:16;5740.42;28.63;891.21;789.54;294.37;385.15;90.78;7.27
13:17;5736.38;28.62;893.41;789.49;294.39;385.13;90.75;7.27
13:18;5732.34;28.62;894;789.44;294.4;385.12;90.72;7.26
13:19;5733.57;28.62;894.52;789.39;294.41;385.1;90.69;7.26
13:20;5734.79;28.65;891.05;789.41;294.43;385.09;90.66;7.26
13:21;5744.02;28.66;893.23;789.45;294.44;385.07;90.64;7.28
13:22;5753.25;28.62;891.82;789.48;294.45;385.1;90.65;7.29
13:23;5743.29;28.6;891.85;789.41;294.47;385.13;90.67;7.28
13:24;5733.34;28.6;894.26;789.28;294.48;385.17;90.69;7.26
13:25;5737.96;28.62;895.79;789.16;294.49;385.2;90.7;7.27
13:26;5742.58;28.61;896.58;789.03;294.51;385.23;90.72;7.28
13:27;5745.3;28.61;897.61;788.91;294.52;385.26;90.74;7.28
13:28;5748.02;28.64;896.07;788.78;294.53;385.29;90.76;7.29
13:29;5738.45;28.64;894.54;788.66;294.55;385.32;90.78;7.28
13:30;5728.89;28.6;892.05;788.53;294.55;385.36;90.81;7.27
13:31;5727.25;28.55;895.55;788.41;294.54;385.39;90.85;7.26
13:32;5725.61;28.53;898.84;788.28;294.54;385.42;90.88;7.26
13:33;5730.91;28.55;895.51;778.97;294.54;385.45;90.92;7.36
13:34;5736.21;28.56;889.92;783.85;294.53;385.48;90.95;7.32
13:35;5721.34;28.56;889.65;783.51;294.53;385.52;90.98;7.3
13:36;5706.48;28.53;879.44;776.67;294.53;385.55;91.02;7.35
13:37;5717.75;28.55;882;773.67;294.53;385.58;91.05;7.39
13:38;5729.02;28.55;891.08;780.92;294.52;385.61;91.09;7.34
13:39;5744.48;28.56;876.42;780.76;294.52;385.64;91.12;7.36
13:40;5759.95;28.6;834.22;738.37;294.52;385.68;91.16;7.8
13:41;5759.69;28.6;864.23;753.35;294.52;385.71;91.19;7.65
13:42;5759.43;28.59;869.92;743.73;294.51;385.58;91.06;7.74
13:43;5744.83;28.56;890.77;783.61;294.51;385.31;90.79;7.33
13:44;5730.23;28.54;879.83;784.12;294.51;385.03;90.53;7.31
13:45;5729.91;28.52;885.87;783.67;294.51;384.76;90.26;7.31
13:46;5729.58;28.53;884.13;785.11;294.5;384.49;89.99;7.3
13:47;5722.76;28.53;898.59;783.76;294.5;384.22;89.72;7.3
13:48;5715.95;28.53;895.1;785.99;294.5;383.95;89.45;7.27
13:49;5732.86;28.55;899.34;786.45;294.49;383.62;89.13;7.29
13:50;5749.77;28.58;896.88;786.92;294.49;383.41;88.92;7.31
13:51;5764.29;28.63;898.16;787.38;294.49;383.59;89.1;7.32
13:52;5778.82;28.67;899.66;787.85;294.49;383.76;89.28;7.33
13:53;5789.71;28.74;895.36;788.31;294.48;383.94;89.46;7.34
13:54;5800.59;28.81;897.06;788.78;294.48;384.12;89.64;7.35
13:55;5800.48;28.83;896.94;789.24;294.48;384.29;89.82;7.35
13:56;5800.37;28.82;898.38;789.7;294.48;384.47;90;7.34
13:57;5790.07;28.81;897.73;790.17;294.47;384.65;90.17;7.33
13:58;5779.76;28.74;900.96;790.17;294.47;384.81;90.34;7.31
13:59;5752.83;28.57;902.38;789.96;294.47;384.86;90.39;7.28
14:00;5725.91;28.47;899.58;789.74;294.47;384.91;90.45;7.25
14:01;5721.03;28.42;900.46;789.52;294.46;384.97;90.5;7.25
14:02;5716.16;28.38;900.38;789.31;294.46;385.02;90.56;7.24
14:03;5704.75;28.36;902.87;789.09;294.46;385.07;90.61;7.23
14:04;5693.33;28.34;901.65;788.87;294.45;385.12;90.67;7.22
14:05;5698.62;28.34;899.02;788.66;294.45;385.17;90.72;7.23
14:06;5703.91;28.36;898.41;788.44;294.45;385.23;90.78;7.23
14:07;5709.81;28.36;896;788.22;294.45;385.28;90.83;7.24
14:08;5715.72;28.39;894.61;788.1;294.44;385.33;90.89;7.25
14:09;5708.25;28.38;893.41;788.09;294.44;385.38;90.94;7.24
14:10;5700.79;28.33;896.17;788.09;294.44;385.43;90.99;7.23
14:11;5701.12;28.33;896.44;788.14;294.44;385.48;91.05;7.23
14:12;5701.45;28.32;896.7;788.32;294.43;385.54;91.1;7.23
14:13;5700.45;28.32;898.45;788.49;294.43;385.59;91.16;7.23
14:14;5699.45;28.32;899.05;788.66;294.43;385.64;91.21;7.23
14:15;5691.07;28.29;895.79;788.84;294.42;385.69;91.27;7.21
14:16;5682.7;28.27;899.22;789.01;294.42;385.74;91.32;7.2
14:17;5679.5;28.25;898.4;789.18;294.42;385.8;91.38;7.2
14:18;5676.31;28.22;897.59;789.36;294.42;385.85;91.43;7.19
14:19;5669.61;28.23;897.64;789.53;294.41;385.9;91.48;7.18
14:20;5662.92;28.22;897.01;789.71;294.41;385.95;91.54;7.17
14:21;5668.06;28.21;898.22;789.88;294.41;386;91.59;7.18
14:22;5673.21;28.19;897.67;790.05;294.41;386.05;91.65;7.18
14:23;5673.3;28.2;898.27;790.23;294.4;386.11;91.7;7.18
14:24;5673.4;28.22;900.06;789.32;294.4;386.16;91.76;7.19
14:25;5676.72;28.24;898.21;787.51;294.4;386.21;91.81;7.21
14:26;5680.04;28.24;899.72;784.76;294.4;386.26;91.87;7.24
14:27;5673.87;28.22;892;777.66;294.39;386.31;91.92;7.3
14:28;5667.71;28.22;886.52;769.58;294.39;386.29;91.9;7.36
14:29;5670.37;28.21;881.24;772.05;294.39;386.21;91.83;7.34
14:30;5673.04;28.18;878.75;770.52;294.38;386.13;91.75;7.36
14:31;5669.33;28.16;884.73;770.59;294.38;386.05;91.67;7.36
14:32;5665.62;28.18;883.08;770.03;294.38;385.97;91.59;7.36
14:33;5688.88;28.14;877.67;767.63;294.38;385.89;91.52;7.41
14:34;5712.14;28.22;806;725.97;294.39;385.81;91.42;7.87
14:35;5711.65;28.27;842.74;750.03;294.4;385.73;91.33;7.62
14:36;5711.17;28.22;857.12;760.79;294.42;385.65;91.24;7.51
14:37;5695.67;28.22;869.2;769.6;294.43;385.57;91.14;7.4
14:38;5680.18;28.16;873.35;772.68;294.45;385.49;91.05;7.35
14:39;5686.03;28.17;878.54;774.99;294.46;385.41;90.95;7.34
14:40;5691.88;28.17;872.36;778.21;294.48;385.14;90.66;7.31
14:41;5695.95;28.18;884.68;776.99;294.49;384.78;90.29;7.33
14:42;5700.02;28.2;889.97;780.12;294.51;384.42;89.91;7.31
14:43;5705.31;28.21;890.54;781.41;294.52;384.05;89.53;7.3
14:44;5710.6;28.27;890.15;785;294.54;383.69;89.15;7.27
14:45;5720.22;28.34;894.03;788.66;294.55;383.33;88.77;7.25
14:46;5729.84;28.35;897.42;790.89;294.57;383.1;88.53;7.24
14:47;5738.41;28.37;895.89;791.92;294.58;383.28;88.7;7.25
14:48;5746.99;28.43;863.39;792.95;294.6;383.46;88.86;7.25
14:49;5754.09;28.49;863.43;793.98;294.61;383.64;89.03;7.25
14:50;5761.2;28.51;864.04;795.02;294.63;383.83;89.2;7.25
14:51;5763.94;28.51;865;795.48;294.64;384.01;89.37;7.25
14:52;5766.68;28.52;866.46;793.81;294.66;384.19;89.54;7.26
14:53;5759.33;28.53;862.04;792.47;294.67;384.37;89.7;7.27
14:54;5751.97;28.5;864.43;792.05;294.68;384.56;89.87;7.26
14:55;5728.18;28.44;899.16;792.49;294.7;384.74;90.04;7.23
14:56;5704.39;28.39;899.97;792.94;294.7;384.92;90.22;7.19
14:57;5694.45;28.33;899.22;793.39;294.69;385.1;90.42;7.18
14:58;5684.5;28.27;899.65;793.8;294.68;385.29;90.61;7.16
14:59;5686.9;28.27;900.47;793.6;294.66;385.47;90.81;7.17
15:00;5689.29;28.24;900.17;793.41;294.65;385.65;91;7.17
15:01;5687.49;28.22;899.96;793.22;294.64;385.84;91.2;7.17
15:02;5685.69;28.23;897.92;793.02;294.63;385.99;91.36;7.17
15:03;5682.84;28.23;899.55;792.83;294.62;386.12;91.5;7.17
15:04;5680;28.23;898;792.63;294.6;386.24;91.64;7.17
15:05;5675.44;28.2;898.37;792.44;294.59;386.37;91.77;7.16
15:06;5670.89;28.19;897.51;792.23;294.58;386.49;91.91;7.16
15:07;5669.58;28.22;897.82;791.37;294.57;386.62;92.05;7.16
15:08;5668.26;28.2;896.11;790.51;294.56;386.75;92.19;7.17
15:09;5661.29;28.21;894.63;791.77;294.55;386.87;92.33;7.15
15:10;5654.32;28.21;897;792.63;294.53;387;92.46;7.13
15:11;5655.64;28.24;895.23;791.05;294.52;387.12;92.6;7.15
15:12;5656.96;28.26;889.27;789.46;294.51;387.25;92.74;7.17
15:13;5658.28;28.21;867.18;781.53;294.5;387.28;92.78;7.24
15:14;5659.6;28.29;864.44;777.48;294.49;387.21;92.72;7.28
15:15;5644.9;28.24;869.15;769.86;294.47;387.13;92.66;7.33
15:16;5630.2;28.23;864.93;760.76;294.46;387.06;92.6;7.4
15:17;5642.78;28.31;865.61;766.52;294.45;386.99;92.54;7.36
15:18;5655.35;28.33;869.68;773.35;294.44;386.92;92.48;7.31
15:19;5640.54;28.23;872.3;773.99;294.43;386.84;92.42;7.29
15:20;5625.72;28.25;875.46;779.22;294.42;386.77;92.35;7.22
15:21;5631.81;28.27;875.76;771.14;294.4;386.7;92.29;7.3
15:22;5637.89;28.23;873.25;774.22;294.39;386.62;92.23;7.28
15:23;5628.54;28.24;868.8;780.58;294.38;386.55;92.17;7.21
15:24;5619.18;28.15;876.47;774.31;294.37;386.48;92.11;7.26
15:25;5623.42;28.23;874.51;786.55;294.36;386.33;91.98;7.15
15:26;5627.66;28.16;879.64;787.72;294.34;386.11;91.77;7.14
15:27;5636.23;28.21;885.87;792.21;294.33;386;91.67;7.11
15:28;5644.81;28.25;886.69;792.07;294.32;386.1;91.78;7.13
15:29;5656.01;28.29;888.73;794.22;294.31;386.2;91.89;7.12
15:30;5667.21;28.33;884.01;792.52;294.3;386.3;92;7.15
15:31;5661.33;28.35;881.05;789.03;294.29;386.4;92.11;7.18
15:32;5655.46;28.34;882.81;790.54;294.27;386.5;92.22;7.15
15:33;5664.93;28.35;885.31;787.41;294.26;386.6;92.33;7.19
15:34;5674.4;28.34;887.33;792.02;294.14;386.69;92.56;7.16
15:35;5666.8;28.25;882;788.99;293.66;386.79;93.14;7.18
15:36;5659.2;28.24;885.82;785.75;293.18;386.89;93.71;7.2
15:37;5653.24;28.15;891;792.18;293.18;386.99;93.81;7.14
15:38;5647.28;28.18;889.54;798.37;293.28;387.09;93.82;7.07
15:39;5645.97;28.18;886.85;801.49;293.37;387.19;93.82;7.04
15:40;5644.66;28.15;876.78;797.43;293.47;387.29;93.82;7.08
15:41;5640.4;28.14;882.7;793.91;293.56;387.39;93.82;7.1
15:42;5636.14;28.12;881.46;787.67;293.66;387.49;93.83;7.16
15:43;5633.78;28.13;874.49;790.55;293.76;387.59;93.83;7.13
15:44;5631.42;28.18;871.19;793.37;293.85;387.69;93.83;7.1
15:45;5646.13;28.39;866.59;783.91;293.95;387.79;93.83;7.2
15:46;5660.84;28.47;874.16;791.46;294.05;387.88;93.84;7.15
15:47;5647;28.43;875.92;790.42;294.14;387.88;93.74;7.14
15:48;5633.16;28.41;866.35;785.93;294.24;387.75;93.51;7.17
15:49;5650.19;28.55;862.52;784.48;294.34;387.61;93.28;7.2
15:50;5667.21;28.52;861.13;770.66;294.43;387.48;93.04;7.35
15:51;5640.96;28.49;851.72;770.12;294.53;387.34;92.81;7.32
15:52;5614.71;28.36;847.01;757.09;294.62;387.21;92.58;7.42
15:53;5630.53;28.37;840.63;763.16;294.72;387.07;92.35;7.38
15:54;5646.34;28.33;845;769.26;294.82;386.94;92.12;7.34
15:55;5645.35;28.27;854;768.25;294.91;386.8;91.89;7.35
15:56;5644.35;28.25;858.95;767.44;295.01;386.67;91.66;7.35
15:57;5646.85;28.24;860.53;766.57;295.02;386.53;91.51;7.37
15:58;5649.34;28.25;856.21;781.58;295.02;386.27;91.25;7.23
15:59;5660.21;28.25;858.68;785.25;295.03;386;90.97;7.21
16:00;5671.09;28.31;859.25;785.97;295.03;385.73;90.7;7.22
16:01;5661.37;28.31;882.51;792.93;295.03;385.45;90.42;7.14
16:02;5651.65;28.34;884.82;801.35;295.03;385.18;90.15;7.05
16:03;5659.21;28.33;884.66;803.3;295.03;385.19;90.15;7.04
16:04;5666.76;28.36;872.83;798.09;295.03;385.35;90.32;7.1
16:05;5678.33;28.43;878.78;800;295.03;385.52;90.48;7.1
16:06;5689.9;28.51;883.14;799.92;295.04;385.68;90.64;7.11
16:07;5691.39;28.49;880.38;801.8;295.04;385.85;90.81;7.1
16:08;5692.88;28.49;875.37;800.8;295.04;386.01;90.97;7.11
16:09;5682.88;28.46;873.03;800.09;295.04;386.4;91.36;7.1
16:10;5672.88;28.46;868.32;794.41;295.04;386.8;91.76;7.14
16:11;5672.78;28.46;859.32;790.58;295.04;387.2;92.16;7.18
16:12;5672.69;28.44;866.39;787.43;295.05;387.6;92.56;7.2
16:13;5637.56;28.35;881.16;801.55;295.05;388;92.96;7.03
16:14;5602.44;28.2;878.38;803.34;295.05;388.4;93.35;6.97
16:15;5600.51;28.18;874.63;802.06;295.05;388.51;93.46;6.98
16:16;5598.58;28.12;875.68;802.64;295.05;388.62;93.57;6.98
16:17;5588.82;28.12;875.31;804.05;295.05;388.73;93.68;6.95
16:18;5579.07;28.08;876.63;804.09;295.05;388.84;93.79;6.94
16:19;5581.9;28.09;877.82;804;295.06;388.95;93.9;6.94
16:20;5584.74;28.08;871.86;800.28;295.05;389.06;94.01;6.98
16:21;5587.58;28.05;873.43;798.05;295.05;389.17;94.12;7
16:22;5590.41;28.12;870.08;798.36;295.04;389.28;94.24;7
16:23;5567.74;28.12;866.93;796.3;295.04;389.39;94.35;6.99
16:24;5545.07;27.98;866;792.43;295.03;389.5;94.47;7
16:25;5560.08;28.02;863.99;792.91;295.02;389.61;94.59;7.01
16:26;5575.09;28.03;861.31;792.03;295.02;389.72;94.7;7.04
16:27;5570.79;28.04;856.52;790.73;295.01;389.79;94.77;7.05
16:28;5566.49;28.01;858.11;787.41;295.01;389.7;94.7;7.07
16:29;5572.36;27.99;845.41;779.81;295;389.62;94.62;7.15
16:30;5578.22;27.97;847.76;783.93;294.99;389.53;94.54;7.12
16:31;5577.96;27.97;842.18;782.9;294.99;389.45;94.46;7.12
16:32;5577.7;27.93;842.28;791.54;294.98;389.36;94.38;7.05
16:33;5552.98;27.91;847.7;778.53;294.98;389.28;94.3;7.13
16:34;5528.26;27.83;847;785.09;294.97;389.19;94.22;7.04
16:35;5548.25;27.92;831.94;771.16;294.96;389.11;94.14;7.19
16:36;5568.24;27.94;846.29;780.6;294.96;389.02;94.06;7.13
16:37;5573.17;27.94;846.86;783.62;294.95;388.94;93.99;7.11
16:38;5578.09;27.97;847.13;771.62;294.95;388.85;93.91;7.23
16:39;5578.86;27.95;853.3;792.28;294.94;388.77;93.83;7.04
16:40;5579.63;27.96;843.91;777.8;294.93;388.68;93.75;7.17
16:41;5575.19;27.97;852.71;785.71;294.93;388.6;93.67;7.1
16:42;5570.75;27.96;850.7;796.08;294.92;388.51;93.59;7
16:43;5567;28.01;863.99;806.07;294.92;388.53;93.61;6.91
16:44;5563.24;27.97;864.55;791.23;294.91;388.61;93.69;7.03
16:45;5582.34;28.05;859.31;788.24;294.91;388.68;93.78;7.08
16:46;5601.45;28.06;854.5;788.51;294.9;388.76;93.86;7.1
16:47;5596.69;28.14;857.89;794.77;294.89;388.83;93.94;7.04
16:48;5591.92;28.07;865.05;806.07;294.89;388.91;94.02;6.94
16:49;5582.36;28.06;869.48;804.84;294.88;388.99;94.1;6.94
16:50;5572.8;28.05;866.38;805.05;294.88;389.06;94.19;6.92
16:51;5589.67;28.1;866.57;803.73;294.87;389.14;94.27;6.95
16:52;5606.54;28.09;863.74;805.34;294.86;389.21;94.35;6.96
16:53;5593.77;27.99;859.91;803.54;294.85;389.29;94.44;6.96
16:54;5581.01;28.05;862.28;805.41;294.83;389.36;94.53;6.93
16:55;5580.87;28.07;861.59;807.27;294.82;389.44;94.62;6.91
16:56;5580.72;28.05;857.83;804.5;294.8;389.52;94.71;6.94
16:57;5580.57;28.03;847.01;783.02;294.79;389.59;94.8;7.13
16:58;5580.42;28.02;856.32;798.91;294.77;389.67;94.9;6.99
16:59;5576.39;27.97;856.26;794.61;294.76;389.74;94.99;7.02
17:00;5572.36;27.95;844.72;789.03;294.74;389.75;95.01;7.06
17:01;5566.2;27.88;844.71;795.47;294.73;389.72;95;7
17:02;5560.04;27.95;842.42;796.81;294.71;389.69;94.98;6.98
17:03;5555.47;27.98;836.28;787.27;294.7;389.66;94.97;7.06
17:04;5550.9;27.91;849.32;796.21;294.68;389.63;94.95;6.97
17:05;5558.3;27.93;858.36;810.21;294.67;389.6;94.94;6.86
17:06;5565.7;27.95;855.54;808.63;294.65;389.57;94.92;6.88
17:07;5562.36;27.91;846.05;797.12;294.64;389.54;94.91;6.98
17:08;5559.02;27.89;850.28;800.42;294.62;389.51;94.89;6.95
17:09;5561.65;27.92;836.31;793.18;294.61;389.48;94.88;7.01
17:10;5564.28;27.91;845.04;795.01;294.59;389.45;94.86;7
17:11;5570.27;27.88;853.3;802.55;294.58;389.42;94.85;6.94
17:12;5576.25;27.97;841.44;795.85;294.56;389.39;94.83;7.01
17:13;5593.77;27.87;852.42;805.52;294.54;389.36;94.82;6.94
17:14;5611.29;28.02;849.29;798.85;294.35;389.33;94.98;7.02
17:15;5595.68;27.95;842.75;793.86;293.74;389.3;95.57;7.05
17:16;5580.07;27.88;849.15;805.86;293.5;389.27;95.77;6.92
17:17;5574.72;27.87;855;806.9;293.61;389.24;95.63;6.91
17:18;5569.37;27.92;855;807.36;293.73;389.21;95.49;6.9
17:19;5565.72;27.92;839.36;795.74;293.84;389.18;95.35;6.99
17:20;5562.06;27.88;851.49;805.1;293.95;389.15;95.2;6.91
17:21;5572.88;27.93;847.69;802.38;294.06;389.12;95.06;6.95
17:22;5583.7;27.96;846.4;803.15;294.18;389.09;94.92;6.95
17:23;5572.53;28;842.56;803.1;294.29;389.06;94.77;6.94
17:24;5561.36;27.95;849.8;806.8;294.36;389.03;94.67;6.89
17:25;5563.7;27.96;851.33;807.9;294.4;389;94.6;6.89
17:26;5566.04;28;848.47;807.37;294.45;388.97;94.53;6.89
17:27;5563.85;28.02;848.44;806.67;294.49;388.94;94.46;6.9
17:28;5561.65;28.01;838.8;801.88;294.53;388.91;94.39;6.94
17:29;5554.38;27.99;836.57;798.98;294.57;388.88;94.32;6.95
17:30;5547.11;27.93;838;802.49;294.61;388.85;94.25;6.91
17:31;5551.51;27.8;837.15;803.85;294.65;388.82;94.18;6.91
17:32;5555.92;27.82;836.27;802.82;294.69;388.79;94.11;6.92
17:33;5552.29;27.88;832.9;799.28;294.73;388.76;94.04;6.95
17:34;5548.67;27.86;823.98;792.75;294.77;388.73;93.96;7
17:35;5557.82;27.84;820.64;784.78;294.81;388.7;93.89;7.08
17:36;5566.97;27.87;830.6;795.88;294.85;388.67;93.82;6.99
17:37;5552.39;27.74;830.6;797.29;294.89;388.64;93.75;6.96
17:38;5537.81;27.78;831;798.04;294.93;388.61;93.68;6.94
17:39;5544.09;27.69;830.31;797.74;294.97;388.58;93.61;6.95
17:40;5550.38;27.75;830.54;797.44;295.01;388.55;93.54;6.96
17:41;5563.51;27.88;830.21;797.15;295.04;388.52;93.48;6.98
17:42;5576.64;27.84;831.23;796.85;295.04;388.48;93.44;7
17:43;5565.45;27.82;831.91;796.16;295.04;388.39;93.35;6.99
17:44;5554.26;27.8;829;795.46;295.03;388.29;93.25;6.98
17:45;5569.22;27.81;821.55;792.72;295.03;388.19;93.16;7.03
17:46;5584.17;27.86;811.47;785.82;295.03;388.09;93.06;7.11
17:47;5581.29;27.91;822.77;791.44;295.03;387.99;92.96;7.05
17:48;5578.42;27.9;822.55;796.51;295.02;387.89;92.87;7
17:49;5590.77;27.92;825;796.17;295.02;387.79;92.77;7.02
17:50;5603.12;27.93;824.79;795.83;295.02;387.69;92.67;7.04
17:51;5597.39;27.92;822.05;793.94;295.02;387.59;92.58;7.05
17:52;5591.65;27.89;819.91;791.94;295.01;387.5;92.48;7.06
17:53;5600.35;27.92;818.9;790.22;295.01;387.4;92.39;7.09
17:54;5609.05;27.97;817;788.5;295.01;387.3;92.29;7.11
17:55;5604.49;27.96;813.52;784.48;295.01;387.2;92.19;7.14
17:56;5599.92;27.98;811.99;782.81;295;387.1;92.1;7.15
17:57;5614.99;27.99;815.63;782.83;295;387;92;7.17
17:58;5630.05;28;813.26;784.12;295;386.9;91.9;7.18
17:59;5626.57;28.02;813.87;784.6;295;386.8;91.81;7.17
18:00;5623.09;28.04;811.25;784.41;294.99;386.71;91.71;7.17
18:01;5624.39;28.05;814;784.27;294.99;386.61;91.62;7.17
18:02;5625.69;28.05;810.76;784.17;294.99;386.51;91.52;7.17
18:03;5627.74;28.05;810.42;784.05;294.99;386.41;91.42;7.18
18:04;5629.79;28.07;809.84;783.49;294.98;386.31;91.33;7.19
18:05;5626.92;28.06;806.47;782.93;294.98;386.21;91.23;7.19
18:06;5624.06;28.06;806.21;782.38;294.98;386.13;91.15;7.19
18:07;5621.19;28.05;804.74;781.82;294.98;386.19;91.21;7.19
18:08;5618.33;28.05;804.96;781.26;294.97;386.24;91.27;7.19
18:09;5625.97;28.05;803.02;780.71;294.97;386.3;91.33;7.21
18:10;5633.61;28.07;802.18;780.22;294.97;386.35;91.39;7.22
18:11;5637.42;28.09;802.43;779.73;294.97;386.41;91.44;7.23
18:12;5641.23;28.11;801.76;779.24;294.96;386.47;91.5;7.24
18:13;5639.88;28.13;799.35;778.67;294.96;386.52;91.56;7.24
18:14;5638.54;28.14;801.08;777.68;294.96;386.58;91.62;7.25
18:15;5635.08;28.13;798.16;776.7;294.96;386.63;91.68;7.26
18:16;5631.62;28.11;799.26;775.72;294.95;386.69;91.74;7.26
18:17;5632.26;28.09;796;774.74;294.95;386.75;91.8;7.27
18:18;5632.91;28.08;794.23;773.76;294.95;386.8;91.85;7.28
18:19;5631.41;28.07;793.83;772.78;294.95;386.84;91.9;7.29
18:20;5629.91;28.06;793.67;771.8;294.94;386.86;91.91;7.29
18:21;5623.95;28.05;787.87;767.73;294.94;386.87;91.93;7.33
18:22;5617.99;28.03;791.46;768.94;294.94;386.88;91.94;7.31
18:23;5615.74;28.02;787.91;768.25;294.94;386.89;91.95;7.31
18:24;5613.49;28;787.87;767.57;294.93;386.9;91.97;7.31
18:25;5610.2;27.97;783.75;766.88;294.93;386.91;91.98;7.32
18:26;5606.9;27.96;782.06;765.12;294.93;386.92;92;7.33
18:27;5605.9;27.97;779.65;763;294.93;386.94;92.01;7.35
18:28;5604.89;27.93;778.14;760.89;294.92;386.95;92.02;7.37
18:29;5610.46;27.94;776.05;758.78;294.92;386.96;92.04;7.39
18:30;5616.03;27.94;775.69;756.67;294.92;386.97;92.05;7.42
18:31;5618.07;27.93;772.11;755.13;294.92;386.98;92.07;7.44
18:32;5620.11;27.97;771.16;754.05;294.91;386.99;92.08;7.45
18:33;5616.83;27.94;770.85;752.96;294.91;386.96;92.05;7.46
18:34;5613.56;27.94;767.93;751.88;294.91;386.84;91.93;7.47
18:35;5615.84;27.96;767.44;750.14;294.9;386.71;91.81;7.49
18:36;5618.12;27.97;766.92;747.92;294.9;386.59;91.69;7.51
18:37;5618.19;27.98;763.25;745.06;294.9;386.47;91.57;7.54
18:38;5618.27;27.99;759.61;742.87;294.9;386.35;91.45;7.56
18:39;5627.61;28;757.41;737.93;294.89;386.23;91.33;7.63
18:40;5636.96;27.99;757.91;695.15;294.89;386.11;91.21;8.11
18:41;5635.28;28.02;752.42;735.38;294.89;385.98;91.09;7.66
18:42;5633.6;28.05;749.3;732.14;294.89;385.86;90.98;7.69
18:43;5648.87;28.07;740.67;709.73;294.88;385.74;90.86;7.96
18:44;5664.14;28.09;750.37;731.61;294.88;385.62;90.74;7.74
18:45;5649;27.93;726.09;707.94;294.88;385.5;90.62;7.98
18:46;5633.87;27.81;717.35;706.65;294.88;385.38;90.5;7.97
18:47;5506.67;27.58;715.99;695.39;294.87;385.25;90.38;7.92
18:48;5379.47;27.05;729.76;713;294.87;385.13;90.26;7.54
18:49;5319.79;26.73;734.89;720.08;294.87;385.01;90.14;7.39
18:50;5260.12;26.54;740.83;722.24;294.87;384.89;90.02;7.28
18:51;5269.61;26.52;739.27;720;294.86;384.77;89.9;7.32
18:52;5279.1;26.54;738.18;718.11;294.81;384.6;89.79;7.35
18:53;5289.81;26.57;734.01;715.35;294.74;384.31;89.56;7.39
18:54;5300.52;26.61;722.49;708.11;294.67;384.01;89.34;7.49
18:55;5319.37;26.65;718.87;699.44;294.61;383.72;89.11;7.61
18:56;5338.22;26.69;714.84;699.48;294.54;383.97;89.43;7.63
18:57;5342.88;26.73;714.11;687.33;294.47;384.27;89.8;7.77
18:58;5347.54;26.78;702.81;689.81;294.4;384.57;90.18;7.75
18:59;5323.07;26.53;700.68;686.85;294.33;384.88;90.55;7.75
19:00;5298.6;26.39;697.3;683.51;294.26;385.18;90.92;7.75
19:01;5303.41;26.36;706;694.82;294.19;385.49;91.29;7.63
19:02;5308.22;26.33;707.24;694.78;294.12;385.51;91.39;7.64
19:03;5291.01;26.31;708.49;693.53;294.06;385.37;91.32;7.63
19:04;5273.81;26.25;707.94;692.28;293.99;385.24;91.25;7.62
19:05;5248.68;26.18;704.48;691.03;293.92;385.1;91.18;7.6
19:06;5223.55;26.09;702.4;689.68;293.85;384.96;91.11;7.57
19:07;5222.59;26.05;701;687.87;293.78;384.82;91.04;7.59
19:08;5221.63;26.06;698.24;686.07;293.71;384.68;90.97;7.61
19:09;5229.81;26.08;695.96;684.26;293.64;384.55;90.9;7.64
19:10;5237.99;26.11;694;680.47;293.57;384.41;90.83;7.7
19:11;5260.51;26.13;678;664.66;293.51;384.27;90.76;7.91
19:12;5283.04;26.19;671.97;650.74;293.44;384.15;90.71;8.12
19:13;5302.35;26.27;642.2;636.66;293.37;384.04;90.67;8.33
19:14;5321.67;26.25;659.98;641.9;293.3;383.92;90.62;8.29
19:15;5112.8;25.37;662.09;649.46;293.23;383.81;90.57;7.87
19:16;4903.94;24.62;670;657.25;293.16;383.69;90.53;7.46
19:17;4775.86;24;677.77;665.03;293.05;383.58;90.52;7.18
19:18;4647.79;23.72;681.89;662.14;292.94;383.46;90.52;7.02
19:19;4707.2;23.58;662.94;651.41;292.82;383.35;90.53;7.23
19:20;4766.62;23.9;660.75;646.64;292.7;383.02;90.33;7.37
19:21;4923.83;24.54;652.52;634.26;292.53;382.58;90.05;7.76
19:22;5081.04;24.91;644.5;628.15;292.21;382.14;89.93;8.09
19:23;5005.59;25.14;660.07;630.97;291.88;381.9;90.02;7.93
19:24;4930.14;24.71;666.93;627.67;291.55;382.08;90.53;7.85
19:25;4219.78;22.32;666.38;627.1;291.22;382.25;91.03;6.73
19:26;3509.41;21.03;653.46;609;291.53;382.43;90.9;5.76
19:27;3669.94;20.71;650.87;607.23;291.84;382.6;90.76;6.04
19:28;3830.46;21.25;662.83;603.89;292.15;382.78;90.62;6.34
19:29;3953.4;21.62;658.91;594.5;292.47;382.95;90.49;6.65
19:30;4076.34;21.97;625.55;564.71;292.21;383.13;90.92;7.22
19:31;4023.69;22.16;633.45;564.21;291.36;383.3;91.94;7.13
19:32;3971.04;21.89;628.39;551.05;290.52;383.48;92.96;7.21
19:33;3713.04;20.98;621.31;540.52;289.67;383.65;93.98;6.87
19:34;3455.03;20.62;626.46;539.05;289.68;383.84;94.15;6.41
19:35;3440.76;20.47;624.26;533.79;290.11;384.24;94.13;6.45
19:36;3426.49;20.45;633.97;528.95;290.53;384.64;94.11;6.48
19:37;3453.79;20.69;626.86;521.74;290.95;385.04;94.09;6.62
19:38;3481.09;20.63;614.2;513.37;291.38;385.44;94.07;6.78
19:39;3468.5;20.51;624.08;505.01;291.92;385.85;93.92;6.87
19:40;3455.91;20.49;608.97;496.64;292.68;386.25;93.57;6.96
19:41;3472.88;20.53;584.09;488.27;293.43;386.65;93.22;7.11
19:42;3489.86;20.56;599.63;479.58;294.19;386.97;92.78;7.28
19:43;3432.85;20.33;602.24;467.49;294.94;387.28;92.33;7.34
19:44;3375.84;20.31;564.16;455.4;295.7;387.58;91.89;7.41
19:45;3289.77;20.02;595.98;448.09;296.45;387.89;91.44;7.34
19:46;3203.7;19.7;590.8;440.55;296.71;388.2;91.48;7.27
19:47;3136.7;19.59;477.04;431.53;296.96;388.5;91.54;7.27
19:48;3069.69;19.35;318.16;425.22;297.2;388.47;91.26;7.22
19:49;2834.77;18.75;276.02;419.63;297.45;388.37;90.92;6.76
19:50;2599.85;18.31;143;412.3;297.56;388.27;90.71;6.31
19:51;2612.62;18.17;16.12;402.72;297.44;388.17;90.73;6.49
19:52;2625.39;18.24;4.73;393.64;297.32;388.08;90.76;6.67
19:53;2640.95;18.29;1.25;385.61;297.2;387.98;90.78;6.85
19:54;2656.52;18.28;0;377.57;297.08;387.88;90.8;7.04
